<?xml version="1.0" ?>
<LOG_ROOT>
	<PROJECT NAME="sc_cpuio">
		<CBX_INST_ENTRY INSTANCE_NAME="|sc_cpuio|out_port_seg:inst5|lpm_divide:Div0" CBX_FILE_NAME="lpm_divide_vcm.tdf"/>
		<CBX_INST_ENTRY INSTANCE_NAME="|sc_cpuio|out_port_seg:inst6|lpm_divide:Mod0" CBX_FILE_NAME="lpm_divide_25m.tdf"/>
		<CBX_INST_ENTRY INSTANCE_NAME="|sc_cpuio|out_port_seg:inst7|lpm_divide:Div0" CBX_FILE_NAME="lpm_divide_vcm.tdf"/>
		<CBX_INST_ENTRY INSTANCE_NAME="|sc_cpuio|sc_computer_main:inst4|sc_instmem:imem|lpm_rom_irom:irom|altsyncram:altsyncram_component" CBX_FILE_NAME="altsyncram_mfc1.tdf"/>
		<CBX_INST_ENTRY INSTANCE_NAME="|sc_cpuio|out_port_seg:inst5|lpm_divide:Mod0" CBX_FILE_NAME="lpm_divide_25m.tdf"/>
		<CBX_INST_ENTRY INSTANCE_NAME="|sc_cpuio|out_port_seg:inst6|lpm_divide:Div0" CBX_FILE_NAME="lpm_divide_vcm.tdf"/>
		<CBX_INST_ENTRY INSTANCE_NAME="|sc_cpuio|out_port_seg:inst7|lpm_divide:Mod0" CBX_FILE_NAME="lpm_divide_25m.tdf"/>
		<CBX_INST_ENTRY INSTANCE_NAME="|sc_cpuio|sc_computer_main:inst4|sc_datamem:dmem|lpm_ram_dq_dram:dram|altsyncram:altsyncram_component" CBX_FILE_NAME="altsyncram_3uf1.tdf"/>
	</PROJECT>
</LOG_ROOT>
